obcina,leto,vrednost
SLOVENIJA,2018,2066880
SLOVENIJA,2019,2080908
SLOVENIJA,2020,2095861
SLOVENIJA,2021,2108977
SLOVENIJA,2022,2107180
SLOVENIJA,2023,2116972
SLOVENIJA,2024,2123949
SLOVENIJA,2025,2130850
001 AJDOVŠČINA,2018,19130
001 AJDOVŠČINA,2019,19249
001 AJDOVŠČINA,2020,19418
001 AJDOVŠČINA,2021,19704
001 AJDOVŠČINA,2022,19727
001 AJDOVŠČINA,2023,19811
001 AJDOVŠČINA,2024,19891
001 AJDOVŠČINA,2025,19895
002 BELTINCI,2018,8183
002 BELTINCI,2019,8104
002 BELTINCI,2020,8059
002 BELTINCI,2021,8068
002 BELTINCI,2022,8104
002 BELTINCI,2023,8082
002 BELTINCI,2024,8071
002 BELTINCI,2025,8129
003 BLED,2018,7873
003 BLED,2019,7835
003 BLED,2020,7868
003 BLED,2021,8217
003 BLED,2022,8250
003 BLED,2023,8190
003 BLED,2024,8157
003 BLED,2025,8154
004 BOHINJ,2018,5125
004 BOHINJ,2019,5105
004 BOHINJ,2020,5145
004 BOHINJ,2021,5611
004 BOHINJ,2022,5676
004 BOHINJ,2023,5439
004 BOHINJ,2024,5275
004 BOHINJ,2025,5238
005 BOROVNICA,2018,4412
005 BOROVNICA,2019,4483
005 BOROVNICA,2020,4579
005 BOROVNICA,2021,4664
005 BOROVNICA,2022,4629
005 BOROVNICA,2023,4681
005 BOROVNICA,2024,4726
005 BOROVNICA,2025,4706
006 BOVEC,2018,3049
006 BOVEC,2019,3048
006 BOVEC,2020,3073
006 BOVEC,2021,3245
006 BOVEC,2022,3178
006 BOVEC,2023,3044
006 BOVEC,2024,3054
006 BOVEC,2025,3004
007 BRDA,2018,5623
007 BRDA,2019,5602
007 BRDA,2020,5619
007 BRDA,2021,5639
007 BRDA,2022,5632
007 BRDA,2023,5590
007 BRDA,2024,5573
007 BRDA,2025,5584
008 BREZOVICA,2018,12186
008 BREZOVICA,2019,12412
008 BREZOVICA,2020,12671
008 BREZOVICA,2021,12785
008 BREZOVICA,2022,12823
008 BREZOVICA,2023,12838
008 BREZOVICA,2024,13004
008 BREZOVICA,2025,13133
009 BREŽICE,2018,24086
009 BREŽICE,2019,24084
009 BREŽICE,2020,24051
009 BREŽICE,2021,24419
009 BREŽICE,2022,24370
009 BREŽICE,2023,24417
009 BREŽICE,2024,24450
009 BREŽICE,2025,24402
010 TIŠINA,2018,3976
010 TIŠINA,2019,3952
010 TIŠINA,2020,3970
010 TIŠINA,2021,3965
010 TIŠINA,2022,3941
010 TIŠINA,2023,3968
010 TIŠINA,2024,3948
010 TIŠINA,2025,3905
011 CELJE,2018,49377
011 CELJE,2019,49473
011 CELJE,2020,49540
011 CELJE,2021,49007
011 CELJE,2022,48679
011 CELJE,2023,48776
011 CELJE,2024,49289
011 CELJE,2025,49628
012 CERKLJE NA GORENJSKEM,2018,7619
012 CERKLJE NA GORENJSKEM,2019,7632
012 CERKLJE NA GORENJSKEM,2020,7769
012 CERKLJE NA GORENJSKEM,2021,7859
012 CERKLJE NA GORENJSKEM,2022,7901
012 CERKLJE NA GORENJSKEM,2023,7854
012 CERKLJE NA GORENJSKEM,2024,7825
012 CERKLJE NA GORENJSKEM,2025,7944
013 CERKNICA,2018,11491
013 CERKNICA,2019,11554
013 CERKNICA,2020,11580
013 CERKNICA,2021,11691
013 CERKNICA,2022,11718
013 CERKNICA,2023,11785
013 CERKNICA,2024,11870
013 CERKNICA,2025,11848
014 CERKNO,2018,4588
014 CERKNO,2019,4580
014 CERKNO,2020,4547
014 CERKNO,2021,4547
014 CERKNO,2022,4546
014 CERKNO,2023,4516
014 CERKNO,2024,4452
014 CERKNO,2025,4423
015 ČRENŠOVCI,2018,3926
015 ČRENŠOVCI,2019,3949
015 ČRENŠOVCI,2020,3968
015 ČRENŠOVCI,2021,3972
015 ČRENŠOVCI,2022,3982
015 ČRENŠOVCI,2023,3935
015 ČRENŠOVCI,2024,3928
015 ČRENŠOVCI,2025,3899
016 ČRNA NA KOROŠKEM,2018,3314
016 ČRNA NA KOROŠKEM,2019,3303
016 ČRNA NA KOROŠKEM,2020,3285
016 ČRNA NA KOROŠKEM,2021,3252
016 ČRNA NA KOROŠKEM,2022,3201
016 ČRNA NA KOROŠKEM,2023,3193
016 ČRNA NA KOROŠKEM,2024,3061
016 ČRNA NA KOROŠKEM,2025,3012
017 ČRNOMELJ,2018,14313
017 ČRNOMELJ,2019,14299
017 ČRNOMELJ,2020,14241
017 ČRNOMELJ,2021,14308
017 ČRNOMELJ,2022,14279
017 ČRNOMELJ,2023,14236
017 ČRNOMELJ,2024,14232
017 ČRNOMELJ,2025,14213
018 DESTRNIK,2018,2554
018 DESTRNIK,2019,2585
018 DESTRNIK,2020,2643
018 DESTRNIK,2021,2647
018 DESTRNIK,2022,2632
018 DESTRNIK,2023,2641
018 DESTRNIK,2024,2694
018 DESTRNIK,2025,2695
019 DIVAČA,2018,4085
019 DIVAČA,2019,4157
019 DIVAČA,2020,4213
019 DIVAČA,2021,4334
019 DIVAČA,2022,4371
019 DIVAČA,2023,4443
019 DIVAČA,2024,4501
019 DIVAČA,2025,4535
020 DOBREPOLJE,2018,3881
020 DOBREPOLJE,2019,3856
020 DOBREPOLJE,2020,3878
020 DOBREPOLJE,2021,3882
020 DOBREPOLJE,2022,3871
020 DOBREPOLJE,2023,3923
020 DOBREPOLJE,2024,3934
020 DOBREPOLJE,2025,3937
021 DOBROVA - POLHOV GRADEC,2018,7661
021 DOBROVA - POLHOV GRADEC,2019,7664
021 DOBROVA - POLHOV GRADEC,2020,7800
021 DOBROVA - POLHOV GRADEC,2021,7843
021 DOBROVA - POLHOV GRADEC,2022,7844
021 DOBROVA - POLHOV GRADEC,2023,7946
021 DOBROVA - POLHOV GRADEC,2024,8039
021 DOBROVA - POLHOV GRADEC,2025,8064
022 DOL PRI LJUBLJANI,2018,6008
022 DOL PRI LJUBLJANI,2019,6218
022 DOL PRI LJUBLJANI,2020,6310
022 DOL PRI LJUBLJANI,2021,6378
022 DOL PRI LJUBLJANI,2022,6348
022 DOL PRI LJUBLJANI,2023,6352
022 DOL PRI LJUBLJANI,2024,6432
022 DOL PRI LJUBLJANI,2025,6420
023 DOMŽALE,2018,35675
023 DOMŽALE,2019,36264
023 DOMŽALE,2020,36675
023 DOMŽALE,2021,36683
023 DOMŽALE,2022,36905
023 DOMŽALE,2023,37477
023 DOMŽALE,2024,37821
023 DOMŽALE,2025,38190
024 DORNAVA,2018,2885
024 DORNAVA,2019,2892
024 DORNAVA,2020,2902
024 DORNAVA,2021,2896
024 DORNAVA,2022,2880
024 DORNAVA,2023,2902
024 DORNAVA,2024,2891
024 DORNAVA,2025,2937
025 DRAVOGRAD,2018,8799
025 DRAVOGRAD,2019,8783
025 DRAVOGRAD,2020,8884
025 DRAVOGRAD,2021,8844
025 DRAVOGRAD,2022,8882
025 DRAVOGRAD,2023,8862
025 DRAVOGRAD,2024,8815
025 DRAVOGRAD,2025,8816
026 DUPLEK,2018,6890
026 DUPLEK,2019,6937
026 DUPLEK,2020,6996
026 DUPLEK,2021,6959
026 DUPLEK,2022,7015
026 DUPLEK,2023,7046
026 DUPLEK,2024,6999
026 DUPLEK,2025,7057
027 GORENJA VAS - POLJANE,2018,7541
027 GORENJA VAS - POLJANE,2019,7539
027 GORENJA VAS - POLJANE,2020,7557
027 GORENJA VAS - POLJANE,2021,7665
027 GORENJA VAS - POLJANE,2022,7672
027 GORENJA VAS - POLJANE,2023,7646
027 GORENJA VAS - POLJANE,2024,7656
027 GORENJA VAS - POLJANE,2025,7724
028 GORIŠNICA,2018,4025
028 GORIŠNICA,2019,4069
028 GORIŠNICA,2020,4112
028 GORIŠNICA,2021,4161
028 GORIŠNICA,2022,4180
028 GORIŠNICA,2023,4182
028 GORIŠNICA,2024,4188
028 GORIŠNICA,2025,4213
029 GORNJA RADGONA,2018,8403
029 GORNJA RADGONA,2019,8392
029 GORNJA RADGONA,2020,8417
029 GORNJA RADGONA,2021,8474
029 GORNJA RADGONA,2022,8476
029 GORNJA RADGONA,2023,8489
029 GORNJA RADGONA,2024,8503
029 GORNJA RADGONA,2025,8519
030 GORNJI GRAD,2018,2543
030 GORNJI GRAD,2019,2511
030 GORNJI GRAD,2020,2476
030 GORNJI GRAD,2021,2480
030 GORNJI GRAD,2022,2552
030 GORNJI GRAD,2023,2559
030 GORNJI GRAD,2024,2595
030 GORNJI GRAD,2025,2549
031 GORNJI PETROVCI,2018,2013
031 GORNJI PETROVCI,2019,1985
031 GORNJI PETROVCI,2020,1995
031 GORNJI PETROVCI,2021,2040
031 GORNJI PETROVCI,2022,2010
031 GORNJI PETROVCI,2023,1982
031 GORNJI PETROVCI,2024,2002
031 GORNJI PETROVCI,2025,1964
032 GROSUPLJE,2018,20672
032 GROSUPLJE,2019,21013
032 GROSUPLJE,2020,21314
032 GROSUPLJE,2021,21398
032 GROSUPLJE,2022,21333
032 GROSUPLJE,2023,21587
032 GROSUPLJE,2024,21870
032 GROSUPLJE,2025,22050
033 ŠALOVCI,2018,1411
033 ŠALOVCI,2019,1392
033 ŠALOVCI,2020,1380
033 ŠALOVCI,2021,1388
033 ŠALOVCI,2022,1372
033 ŠALOVCI,2023,1369
033 ŠALOVCI,2024,1334
033 ŠALOVCI,2025,1343
034 HRASTNIK,2018,9188
034 HRASTNIK,2019,9154
034 HRASTNIK,2020,9113
034 HRASTNIK,2021,9058
034 HRASTNIK,2022,8963
034 HRASTNIK,2023,8967
034 HRASTNIK,2024,8939
034 HRASTNIK,2025,8820
035 HRPELJE - KOZINA,2018,4402
035 HRPELJE - KOZINA,2019,4467
035 HRPELJE - KOZINA,2020,4604
035 HRPELJE - KOZINA,2021,4851
035 HRPELJE - KOZINA,2022,4970
035 HRPELJE - KOZINA,2023,5131
035 HRPELJE - KOZINA,2024,5181
035 HRPELJE - KOZINA,2025,5356
036 IDRIJA,2018,11757
036 IDRIJA,2019,11748
036 IDRIJA,2020,11811
036 IDRIJA,2021,11735
036 IDRIJA,2022,11729
036 IDRIJA,2023,11757
036 IDRIJA,2024,11706
036 IDRIJA,2025,11673
037 IG,2018,7366
037 IG,2019,7463
037 IG,2020,7617
037 IG,2021,7656
037 IG,2022,7695
037 IG,2023,7718
037 IG,2024,7793
037 IG,2025,7926
038 ILIRSKA BISTRICA,2018,13329
038 ILIRSKA BISTRICA,2019,13340
038 ILIRSKA BISTRICA,2020,13297
038 ILIRSKA BISTRICA,2021,13379
038 ILIRSKA BISTRICA,2022,13399
038 ILIRSKA BISTRICA,2023,13362
038 ILIRSKA BISTRICA,2024,13313
038 ILIRSKA BISTRICA,2025,13255
039 IVANČNA GORICA,2018,16544
039 IVANČNA GORICA,2019,16793
039 IVANČNA GORICA,2020,17008
039 IVANČNA GORICA,2021,17538
039 IVANČNA GORICA,2022,17599
039 IVANČNA GORICA,2023,17738
039 IVANČNA GORICA,2024,18114
039 IVANČNA GORICA,2025,18267
040 IZOLA/ISOLA,2018,16015
040 IZOLA/ISOLA,2019,16322
040 IZOLA/ISOLA,2020,16486
040 IZOLA/ISOLA,2021,16737
040 IZOLA/ISOLA,2022,16647
040 IZOLA/ISOLA,2023,16564
040 IZOLA/ISOLA,2024,16479
040 IZOLA/ISOLA,2025,16500
041 JESENICE,2018,20759
041 JESENICE,2019,20991
041 JESENICE,2020,21340
041 JESENICE,2021,21679
041 JESENICE,2022,21758
041 JESENICE,2023,21883
041 JESENICE,2024,21944
041 JESENICE,2025,21895
042 JURŠINCI,2018,2375
042 JURŠINCI,2019,2362
042 JURŠINCI,2020,2380
042 JURŠINCI,2021,2421
042 JURŠINCI,2022,2501
042 JURŠINCI,2023,2481
042 JURŠINCI,2024,2458
042 JURŠINCI,2025,2478
043 KAMNIK,2018,29487
043 KAMNIK,2019,29686
043 KAMNIK,2020,29925
043 KAMNIK,2021,29989
043 KAMNIK,2022,29793
043 KAMNIK,2023,29979
043 KAMNIK,2024,30020
043 KAMNIK,2025,29885
044 KANAL,2018,5311
044 KANAL,2019,5301
044 KANAL,2020,5291
044 KANAL,2021,5289
044 KANAL,2022,5245
044 KANAL,2023,5213
044 KANAL,2024,5106
044 KANAL,2025,5099
045 KIDRIČEVO,2018,6450
045 KIDRIČEVO,2019,6495
045 KIDRIČEVO,2020,6541
045 KIDRIČEVO,2021,6539
045 KIDRIČEVO,2022,6547
045 KIDRIČEVO,2023,6586
045 KIDRIČEVO,2024,6594
045 KIDRIČEVO,2025,6673
046 KOBARID,2018,4104
046 KOBARID,2019,4079
046 KOBARID,2020,4052
046 KOBARID,2021,4032
046 KOBARID,2022,4044
046 KOBARID,2023,4046
046 KOBARID,2024,4045
046 KOBARID,2025,4026
047 KOBILJE,2018,559
047 KOBILJE,2019,542
047 KOBILJE,2020,542
047 KOBILJE,2021,540
047 KOBILJE,2022,532
047 KOBILJE,2023,512
047 KOBILJE,2024,511
047 KOBILJE,2025,507
048 KOČEVJE,2018,15771
048 KOČEVJE,2019,15686
048 KOČEVJE,2020,15674
048 KOČEVJE,2021,15644
048 KOČEVJE,2022,15623
048 KOČEVJE,2023,15674
048 KOČEVJE,2024,15661
048 KOČEVJE,2025,15555
049 KOMEN,2018,3537
049 KOMEN,2019,3534
049 KOMEN,2020,3529
049 KOMEN,2021,3655
049 KOMEN,2022,3634
049 KOMEN,2023,3578
049 KOMEN,2024,3509
049 KOMEN,2025,3518
050 KOPER/CAPODISTRIA,2018,51794
050 KOPER/CAPODISTRIA,2019,52234
050 KOPER/CAPODISTRIA,2020,52630
050 KOPER/CAPODISTRIA,2021,53292
050 KOPER/CAPODISTRIA,2022,53462
050 KOPER/CAPODISTRIA,2023,53875
050 KOPER/CAPODISTRIA,2024,54252
050 KOPER/CAPODISTRIA,2025,54430
051 KOZJE,2018,3054
051 KOZJE,2019,3037
051 KOZJE,2020,2989
051 KOZJE,2021,3030
051 KOZJE,2022,3029
051 KOZJE,2023,3010
051 KOZJE,2024,2993
051 KOZJE,2025,3002
052 KRANJ,2018,55950
052 KRANJ,2019,56267
052 KRANJ,2020,57065
052 KRANJ,2021,57185
052 KRANJ,2022,56639
052 KRANJ,2023,57171
052 KRANJ,2024,57138
052 KRANJ,2025,57384
053 KRANJSKA GORA,2018,5212
053 KRANJSKA GORA,2019,5201
053 KRANJSKA GORA,2020,5225
053 KRANJSKA GORA,2021,7522
053 KRANJSKA GORA,2022,7689
053 KRANJSKA GORA,2023,5878
053 KRANJSKA GORA,2024,5247
053 KRANJSKA GORA,2025,5214
054 KRŠKO,2018,25833
054 KRŠKO,2019,25996
054 KRŠKO,2020,26224
054 KRŠKO,2021,25904
054 KRŠKO,2022,25833
054 KRŠKO,2023,25982
054 KRŠKO,2024,26019
054 KRŠKO,2025,26175
055 KUNGOTA,2018,4762
055 KUNGOTA,2019,4705
055 KUNGOTA,2020,4724
055 KUNGOTA,2021,4844
055 KUNGOTA,2022,4916
055 KUNGOTA,2023,4950
055 KUNGOTA,2024,5032
055 KUNGOTA,2025,5072
056 KUZMA,2018,1555
056 KUZMA,2019,1573
056 KUZMA,2020,1573
056 KUZMA,2021,1624
056 KUZMA,2022,1654
056 KUZMA,2023,1636
056 KUZMA,2024,1625
056 KUZMA,2025,1630
057 LAŠKO,2018,13081
057 LAŠKO,2019,13006
057 LAŠKO,2020,13067
057 LAŠKO,2021,13123
057 LAŠKO,2022,12976
057 LAŠKO,2023,13013
057 LAŠKO,2024,13002
057 LAŠKO,2025,13047
058 LENART,2018,8287
058 LENART,2019,8432
058 LENART,2020,8502
058 LENART,2021,8512
058 LENART,2022,8561
058 LENART,2023,8648
058 LENART,2024,8591
058 LENART,2025,8574
059 LENDAVA/LENDVA,2018,10406
059 LENDAVA/LENDVA,2019,10411
059 LENDAVA/LENDVA,2020,10426
059 LENDAVA/LENDVA,2021,10486
059 LENDAVA/LENDVA,2022,10312
059 LENDAVA/LENDVA,2023,10211
059 LENDAVA/LENDVA,2024,10180
059 LENDAVA/LENDVA,2025,10125
060 LITIJA,2018,15317
060 LITIJA,2019,15356
060 LITIJA,2020,15499
060 LITIJA,2021,15743
060 LITIJA,2022,15720
060 LITIJA,2023,15753
060 LITIJA,2024,15834
060 LITIJA,2025,15882
061 LJUBLJANA,2018,289518
061 LJUBLJANA,2019,292988
061 LJUBLJANA,2020,295504
061 LJUBLJANA,2021,294464
061 LJUBLJANA,2022,293218
061 LJUBLJANA,2023,296228
061 LJUBLJANA,2024,297575
061 LJUBLJANA,2025,300354
062 LJUBNO,2018,2545
062 LJUBNO,2019,2541
062 LJUBNO,2020,2550
062 LJUBNO,2021,2576
062 LJUBNO,2022,2542
062 LJUBNO,2023,2560
062 LJUBNO,2024,2512
062 LJUBNO,2025,2524
063 LJUTOMER,2018,11329
063 LJUTOMER,2019,11261
063 LJUTOMER,2020,11268
063 LJUTOMER,2021,11233
063 LJUTOMER,2022,11140
063 LJUTOMER,2023,11042
063 LJUTOMER,2024,11000
063 LJUTOMER,2025,10955
064 LOGATEC,2018,13976
064 LOGATEC,2019,14150
064 LOGATEC,2020,14396
064 LOGATEC,2021,14681
064 LOGATEC,2022,14699
064 LOGATEC,2023,15065
064 LOGATEC,2024,15046
064 LOGATEC,2025,15071
065 LOŠKA DOLINA,2018,3731
065 LOŠKA DOLINA,2019,3744
065 LOŠKA DOLINA,2020,3757
065 LOŠKA DOLINA,2021,3703
065 LOŠKA DOLINA,2022,3624
065 LOŠKA DOLINA,2023,3550
065 LOŠKA DOLINA,2024,3526
065 LOŠKA DOLINA,2025,3506
066 LOŠKI POTOK,2018,1838
066 LOŠKI POTOK,2019,1798
066 LOŠKI POTOK,2020,1789
066 LOŠKI POTOK,2021,1816
066 LOŠKI POTOK,2022,1807
066 LOŠKI POTOK,2023,1797
066 LOŠKI POTOK,2024,1803
066 LOŠKI POTOK,2025,1835
067 LUČE,2018,1472
067 LUČE,2019,1462
067 LUČE,2020,1448
067 LUČE,2021,1454
067 LUČE,2022,1455
067 LUČE,2023,1437
067 LUČE,2024,1421
067 LUČE,2025,1419
068 LUKOVICA,2018,5799
068 LUKOVICA,2019,5838
068 LUKOVICA,2020,5890
068 LUKOVICA,2021,5888
068 LUKOVICA,2022,5978
068 LUKOVICA,2023,6020
068 LUKOVICA,2024,6131
068 LUKOVICA,2025,6186
069 MAJŠPERK,2018,4021
069 MAJŠPERK,2019,4042
069 MAJŠPERK,2020,4056
069 MAJŠPERK,2021,4060
069 MAJŠPERK,2022,4026
069 MAJŠPERK,2023,4002
069 MAJŠPERK,2024,4011
069 MAJŠPERK,2025,3983
070 MARIBOR,2018,110871
070 MARIBOR,2019,112065
070 MARIBOR,2020,112682
070 MARIBOR,2021,113778
070 MARIBOR,2022,113004
070 MARIBOR,2023,113000
070 MARIBOR,2024,113747
070 MARIBOR,2025,114301
071 MEDVODE,2018,16362
071 MEDVODE,2019,16573
071 MEDVODE,2020,16829
071 MEDVODE,2021,16811
071 MEDVODE,2022,16792
071 MEDVODE,2023,17076
071 MEDVODE,2024,17213
071 MEDVODE,2025,17296
072 MENGEŠ,2018,7917
072 MENGEŠ,2019,8117
072 MENGEŠ,2020,8279
072 MENGEŠ,2021,8411
072 MENGEŠ,2022,8487
072 MENGEŠ,2023,8592
072 MENGEŠ,2024,8654
072 MENGEŠ,2025,8684
073 METLIKA,2018,8339
073 METLIKA,2019,8375
073 METLIKA,2020,8470
073 METLIKA,2021,8480
073 METLIKA,2022,8452
073 METLIKA,2023,8465
073 METLIKA,2024,8439
073 METLIKA,2025,8572
074 MEŽICA,2018,3541
074 MEŽICA,2019,3565
074 MEŽICA,2020,3595
074 MEŽICA,2021,3598
074 MEŽICA,2022,3567
074 MEŽICA,2023,3564
074 MEŽICA,2024,3554
074 MEŽICA,2025,3518
075 MIREN - KOSTANJEVICA,2018,4858
075 MIREN - KOSTANJEVICA,2019,4949
075 MIREN - KOSTANJEVICA,2020,4977
075 MIREN - KOSTANJEVICA,2021,5029
075 MIREN - KOSTANJEVICA,2022,5072
075 MIREN - KOSTANJEVICA,2023,5100
075 MIREN - KOSTANJEVICA,2024,5058
075 MIREN - KOSTANJEVICA,2025,5060
076 MISLINJA,2018,4557
076 MISLINJA,2019,4544
076 MISLINJA,2020,4566
076 MISLINJA,2021,4520
076 MISLINJA,2022,4532
076 MISLINJA,2023,4535
076 MISLINJA,2024,4571
076 MISLINJA,2025,4521
077 MORAVČE,2018,5328
077 MORAVČE,2019,5414
077 MORAVČE,2020,5449
077 MORAVČE,2021,5469
077 MORAVČE,2022,5522
077 MORAVČE,2023,5569
077 MORAVČE,2024,5651
077 MORAVČE,2025,5670
078 MORAVSKE TOPLICE,2018,5826
078 MORAVSKE TOPLICE,2019,5812
078 MORAVSKE TOPLICE,2020,5837
078 MORAVSKE TOPLICE,2021,5958
078 MORAVSKE TOPLICE,2022,5990
078 MORAVSKE TOPLICE,2023,5971
078 MORAVSKE TOPLICE,2024,5964
078 MORAVSKE TOPLICE,2025,5957
079 MOZIRJE,2018,4092
079 MOZIRJE,2019,4106
079 MOZIRJE,2020,4150
079 MOZIRJE,2021,4244
079 MOZIRJE,2022,4401
079 MOZIRJE,2023,4489
079 MOZIRJE,2024,4532
079 MOZIRJE,2025,4503
080 MURSKA SOBOTA,2018,18734
080 MURSKA SOBOTA,2019,18730
080 MURSKA SOBOTA,2020,18758
080 MURSKA SOBOTA,2021,18622
080 MURSKA SOBOTA,2022,18543
080 MURSKA SOBOTA,2023,18651
080 MURSKA SOBOTA,2024,18577
080 MURSKA SOBOTA,2025,18429
081 MUTA,2018,3382
081 MUTA,2019,3383
081 MUTA,2020,3414
081 MUTA,2021,3417
081 MUTA,2022,3402
081 MUTA,2023,3394
081 MUTA,2024,3358
081 MUTA,2025,3363
082 NAKLO,2018,5377
082 NAKLO,2019,5422
082 NAKLO,2020,5384
082 NAKLO,2021,5431
082 NAKLO,2022,5380
082 NAKLO,2023,5495
082 NAKLO,2024,5471
082 NAKLO,2025,5478
083 NAZARJE,2018,2588
083 NAZARJE,2019,2623
083 NAZARJE,2020,2639
083 NAZARJE,2021,2611
083 NAZARJE,2022,2682
083 NAZARJE,2023,2673
083 NAZARJE,2024,2691
083 NAZARJE,2025,2686
084 NOVA GORICA,2018,31638
084 NOVA GORICA,2019,31799
084 NOVA GORICA,2020,31884
084 NOVA GORICA,2021,31845
084 NOVA GORICA,2022,31824
084 NOVA GORICA,2023,32034
084 NOVA GORICA,2024,31956
084 NOVA GORICA,2025,31906
085 NOVO MESTO,2018,36533
085 NOVO MESTO,2019,37063
085 NOVO MESTO,2020,37587
085 NOVO MESTO,2021,37398
085 NOVO MESTO,2022,37615
085 NOVO MESTO,2023,38075
085 NOVO MESTO,2024,38348
085 NOVO MESTO,2025,38669
086 ODRANCI,2018,1621
086 ODRANCI,2019,1641
086 ODRANCI,2020,1632
086 ODRANCI,2021,1619
086 ODRANCI,2022,1595
086 ODRANCI,2023,1606
086 ODRANCI,2024,1592
086 ODRANCI,2025,1600
087 ORMOŽ,2018,12112
087 ORMOŽ,2019,11942
087 ORMOŽ,2020,11906
087 ORMOŽ,2021,11886
087 ORMOŽ,2022,11890
087 ORMOŽ,2023,11912
087 ORMOŽ,2024,11813
087 ORMOŽ,2025,11849
088 OSILNICA,2018,370
088 OSILNICA,2019,369
088 OSILNICA,2020,353
088 OSILNICA,2021,327
088 OSILNICA,2022,321
088 OSILNICA,2023,339
088 OSILNICA,2024,331
088 OSILNICA,2025,329
089 PESNICA,2018,7369
089 PESNICA,2019,7331
089 PESNICA,2020,7410
089 PESNICA,2021,7508
089 PESNICA,2022,7576
089 PESNICA,2023,7608
089 PESNICA,2024,7709
089 PESNICA,2025,7819
090 PIRAN/PIRANO,2018,17643
090 PIRAN/PIRANO,2019,17671
090 PIRAN/PIRANO,2020,17676
090 PIRAN/PIRANO,2021,18457
090 PIRAN/PIRANO,2022,18432
090 PIRAN/PIRANO,2023,18253
090 PIRAN/PIRANO,2024,18119
090 PIRAN/PIRANO,2025,18113
091 PIVKA,2018,6044
091 PIVKA,2019,6162
091 PIVKA,2020,6201
091 PIVKA,2021,6190
091 PIVKA,2022,6230
091 PIVKA,2023,6226
091 PIVKA,2024,6162
091 PIVKA,2025,6131
092 PODČETRTEK,2018,3353
092 PODČETRTEK,2019,3430
092 PODČETRTEK,2020,3446
092 PODČETRTEK,2021,3614
092 PODČETRTEK,2022,3657
092 PODČETRTEK,2023,3597
092 PODČETRTEK,2024,3618
092 PODČETRTEK,2025,3653
093 PODVELKA,2018,2358
093 PODVELKA,2019,2355
093 PODVELKA,2020,2339
093 PODVELKA,2021,2365
093 PODVELKA,2022,2337
093 PODVELKA,2023,2310
093 PODVELKA,2024,2258
093 PODVELKA,2025,2228
094 POSTOJNA,2018,16207
094 POSTOJNA,2019,16189
094 POSTOJNA,2020,16442
094 POSTOJNA,2021,16675
094 POSTOJNA,2022,16753
094 POSTOJNA,2023,17264
094 POSTOJNA,2024,17672
094 POSTOJNA,2025,17532
095 PREDDVOR,2018,3619
095 PREDDVOR,2019,3688
095 PREDDVOR,2020,3714
095 PREDDVOR,2021,3780
095 PREDDVOR,2022,3811
095 PREDDVOR,2023,3870
095 PREDDVOR,2024,3865
095 PREDDVOR,2025,3934
096 PTUJ,2018,23162
096 PTUJ,2019,23257
096 PTUJ,2020,23530
096 PTUJ,2021,23611
096 PTUJ,2022,23509
096 PTUJ,2023,23525
096 PTUJ,2024,23872
096 PTUJ,2025,23920
097 PUCONCI,2018,5938
097 PUCONCI,2019,5881
097 PUCONCI,2020,5873
097 PUCONCI,2021,5904
097 PUCONCI,2022,5871
097 PUCONCI,2023,5890
097 PUCONCI,2024,5882
097 PUCONCI,2025,5818
098 RAČE - FRAM,2018,7247
098 RAČE - FRAM,2019,7371
098 RAČE - FRAM,2020,7531
098 RAČE - FRAM,2021,7623
098 RAČE - FRAM,2022,7749
098 RAČE - FRAM,2023,7959
098 RAČE - FRAM,2024,8036
098 RAČE - FRAM,2025,8167
099 RADEČE,2018,4211
099 RADEČE,2019,4165
099 RADEČE,2020,4139
099 RADEČE,2021,4164
099 RADEČE,2022,4146
099 RADEČE,2023,4108
099 RADEČE,2024,4114
099 RADEČE,2025,4078
100 RADENCI,2018,5151
100 RADENCI,2019,5108
100 RADENCI,2020,5112
100 RADENCI,2021,5098
100 RADENCI,2022,5056
100 RADENCI,2023,5202
100 RADENCI,2024,5104
100 RADENCI,2025,5065
101 RADLJE OB DRAVI,2018,6191
101 RADLJE OB DRAVI,2019,6185
101 RADLJE OB DRAVI,2020,6169
101 RADLJE OB DRAVI,2021,6164
101 RADLJE OB DRAVI,2022,6181
101 RADLJE OB DRAVI,2023,6142
101 RADLJE OB DRAVI,2024,6180
101 RADLJE OB DRAVI,2025,6221
102 RADOVLJICA,2018,18872
102 RADOVLJICA,2019,19025
102 RADOVLJICA,2020,19072
102 RADOVLJICA,2021,19195
102 RADOVLJICA,2022,19325
102 RADOVLJICA,2023,19315
102 RADOVLJICA,2024,19406
102 RADOVLJICA,2025,19373
103 RAVNE NA KOROŠKEM,2018,11253
103 RAVNE NA KOROŠKEM,2019,11294
103 RAVNE NA KOROŠKEM,2020,11348
103 RAVNE NA KOROŠKEM,2021,11289
103 RAVNE NA KOROŠKEM,2022,11228
103 RAVNE NA KOROŠKEM,2023,11199
103 RAVNE NA KOROŠKEM,2024,11170
103 RAVNE NA KOROŠKEM,2025,11191
104 RIBNICA,2018,9377
104 RIBNICA,2019,9483
104 RIBNICA,2020,9527
104 RIBNICA,2021,9644
104 RIBNICA,2022,9684
104 RIBNICA,2023,9783
104 RIBNICA,2024,9807
104 RIBNICA,2025,9854
105 ROGAŠOVCI,2018,3084
105 ROGAŠOVCI,2019,3060
105 ROGAŠOVCI,2020,3024
105 ROGAŠOVCI,2021,3114
105 ROGAŠOVCI,2022,3125
105 ROGAŠOVCI,2023,3104
105 ROGAŠOVCI,2024,3076
105 ROGAŠOVCI,2025,3046
106 ROGAŠKA SLATINA,2018,11002
106 ROGAŠKA SLATINA,2019,11057
106 ROGAŠKA SLATINA,2020,11132
106 ROGAŠKA SLATINA,2021,11323
106 ROGAŠKA SLATINA,2022,11438
106 ROGAŠKA SLATINA,2023,11614
106 ROGAŠKA SLATINA,2024,11594
106 ROGAŠKA SLATINA,2025,11674
107 ROGATEC,2018,3042
107 ROGATEC,2019,3060
107 ROGATEC,2020,3106
107 ROGATEC,2021,3138
107 ROGATEC,2022,3055
107 ROGATEC,2023,3034
107 ROGATEC,2024,3049
107 ROGATEC,2025,3088
108 RUŠE,2018,7087
108 RUŠE,2019,7070
108 RUŠE,2020,7017
108 RUŠE,2021,7055
108 RUŠE,2022,7091
108 RUŠE,2023,7127
108 RUŠE,2024,7149
108 RUŠE,2025,7175
109 SEMIČ,2018,3767
109 SEMIČ,2019,3824
109 SEMIČ,2020,3864
109 SEMIČ,2021,3887
109 SEMIČ,2022,3864
109 SEMIČ,2023,3832
109 SEMIČ,2024,3834
109 SEMIČ,2025,3816
110 SEVNICA,2018,17446
110 SEVNICA,2019,17537
110 SEVNICA,2020,17642
110 SEVNICA,2021,17639
110 SEVNICA,2022,17661
110 SEVNICA,2023,17654
110 SEVNICA,2024,17632
110 SEVNICA,2025,17555
111 SEŽANA,2018,13276
111 SEŽANA,2019,13425
111 SEŽANA,2020,13551
111 SEŽANA,2021,13802
111 SEŽANA,2022,13842
111 SEŽANA,2023,13824
111 SEŽANA,2024,13839
111 SEŽANA,2025,13729
112 SLOVENJ GRADEC,2018,16525
112 SLOVENJ GRADEC,2019,16596
112 SLOVENJ GRADEC,2020,16591
112 SLOVENJ GRADEC,2021,16595
112 SLOVENJ GRADEC,2022,16716
112 SLOVENJ GRADEC,2023,16955
112 SLOVENJ GRADEC,2024,17062
112 SLOVENJ GRADEC,2025,17067
113 SLOVENSKA BISTRICA,2018,25524
113 SLOVENSKA BISTRICA,2019,25599
113 SLOVENSKA BISTRICA,2020,25827
113 SLOVENSKA BISTRICA,2021,25949
113 SLOVENSKA BISTRICA,2022,26042
113 SLOVENSKA BISTRICA,2023,26206
113 SLOVENSKA BISTRICA,2024,26129
113 SLOVENSKA BISTRICA,2025,26265
114 SLOVENSKE KONJICE,2018,14848
114 SLOVENSKE KONJICE,2019,14917
114 SLOVENSKE KONJICE,2020,15042
114 SLOVENSKE KONJICE,2021,15263
114 SLOVENSKE KONJICE,2022,15221
114 SLOVENSKE KONJICE,2023,15313
114 SLOVENSKE KONJICE,2024,15485
114 SLOVENSKE KONJICE,2025,15515
115 STARŠE,2018,3973
115 STARŠE,2019,3974
115 STARŠE,2020,4046
115 STARŠE,2021,4081
115 STARŠE,2022,4077
115 STARŠE,2023,4132
115 STARŠE,2024,4148
115 STARŠE,2025,4128
116 SVETI JURIJ OB ŠČAVNICI,2018,2830
116 SVETI JURIJ OB ŠČAVNICI,2019,2806
116 SVETI JURIJ OB ŠČAVNICI,2020,2782
116 SVETI JURIJ OB ŠČAVNICI,2021,2834
116 SVETI JURIJ OB ŠČAVNICI,2022,2855
116 SVETI JURIJ OB ŠČAVNICI,2023,2816
116 SVETI JURIJ OB ŠČAVNICI,2024,2790
116 SVETI JURIJ OB ŠČAVNICI,2025,2795
117 ŠENČUR,2018,8592
117 ŠENČUR,2019,8650
117 ŠENČUR,2020,8814
117 ŠENČUR,2021,8829
117 ŠENČUR,2022,8893
117 ŠENČUR,2023,8939
117 ŠENČUR,2024,8786
117 ŠENČUR,2025,8875
118 ŠENTILJ,2018,8521
118 ŠENTILJ,2019,8438
118 ŠENTILJ,2020,8351
118 ŠENTILJ,2021,8375
118 ŠENTILJ,2022,8367
118 ŠENTILJ,2023,8403
118 ŠENTILJ,2024,8475
118 ŠENTILJ,2025,8386
119 ŠENTJERNEJ,2018,7062
119 ŠENTJERNEJ,2019,7125
119 ŠENTJERNEJ,2020,7199
119 ŠENTJERNEJ,2021,7225
119 ŠENTJERNEJ,2022,7247
119 ŠENTJERNEJ,2023,7356
119 ŠENTJERNEJ,2024,7418
119 ŠENTJERNEJ,2025,7438
120 ŠENTJUR,2018,18971
120 ŠENTJUR,2019,19084
120 ŠENTJUR,2020,19225
120 ŠENTJUR,2021,19378
120 ŠENTJUR,2022,19378
120 ŠENTJUR,2023,19482
120 ŠENTJUR,2024,19579
120 ŠENTJUR,2025,19646
121 ŠKOCJAN,2018,3261
121 ŠKOCJAN,2019,3290
121 ŠKOCJAN,2020,3352
121 ŠKOCJAN,2021,3429
121 ŠKOCJAN,2022,3419
121 ŠKOCJAN,2023,3423
121 ŠKOCJAN,2024,3478
121 ŠKOCJAN,2025,3577
122 ŠKOFJA LOKA,2018,22919
122 ŠKOFJA LOKA,2019,23076
122 ŠKOFJA LOKA,2020,23297
122 ŠKOFJA LOKA,2021,23462
122 ŠKOFJA LOKA,2022,23622
122 ŠKOFJA LOKA,2023,23779
122 ŠKOFJA LOKA,2024,23901
122 ŠKOFJA LOKA,2025,23884
123 ŠKOFLJICA,2018,11098
123 ŠKOFLJICA,2019,11180
123 ŠKOFLJICA,2020,11577
123 ŠKOFLJICA,2021,11657
123 ŠKOFLJICA,2022,11666
123 ŠKOFLJICA,2023,11897
123 ŠKOFLJICA,2024,12017
123 ŠKOFLJICA,2025,12124
124 ŠMARJE PRI JELŠAH,2018,10227
124 ŠMARJE PRI JELŠAH,2019,10256
124 ŠMARJE PRI JELŠAH,2020,10271
124 ŠMARJE PRI JELŠAH,2021,10375
124 ŠMARJE PRI JELŠAH,2022,10361
124 ŠMARJE PRI JELŠAH,2023,10505
124 ŠMARJE PRI JELŠAH,2024,10573
124 ŠMARJE PRI JELŠAH,2025,10512
125 ŠMARTNO OB PAKI,2018,3224
125 ŠMARTNO OB PAKI,2019,3261
125 ŠMARTNO OB PAKI,2020,3265
125 ŠMARTNO OB PAKI,2021,3278
125 ŠMARTNO OB PAKI,2022,3324
125 ŠMARTNO OB PAKI,2023,3369
125 ŠMARTNO OB PAKI,2024,3379
125 ŠMARTNO OB PAKI,2025,3407
126 ŠOŠTANJ,2018,8667
126 ŠOŠTANJ,2019,8701
126 ŠOŠTANJ,2020,8784
126 ŠOŠTANJ,2021,8847
126 ŠOŠTANJ,2022,8822
126 ŠOŠTANJ,2023,9064
126 ŠOŠTANJ,2024,9132
126 ŠOŠTANJ,2025,9007
127 ŠTORE,2018,4257
127 ŠTORE,2019,4616
127 ŠTORE,2020,4529
127 ŠTORE,2021,4477
127 ŠTORE,2022,4396
127 ŠTORE,2023,4466
127 ŠTORE,2024,4452
127 ŠTORE,2025,4481
128 TOLMIN,2018,11147
128 TOLMIN,2019,11073
128 TOLMIN,2020,11003
128 TOLMIN,2021,11018
128 TOLMIN,2022,10953
128 TOLMIN,2023,10899
128 TOLMIN,2024,10838
128 TOLMIN,2025,10754
129 TRBOVLJE,2018,16052
129 TRBOVLJE,2019,16018
129 TRBOVLJE,2020,16105
129 TRBOVLJE,2021,16024
129 TRBOVLJE,2022,15893
129 TRBOVLJE,2023,15958
129 TRBOVLJE,2024,16000
129 TRBOVLJE,2025,16002
130 TREBNJE,2018,12662
130 TREBNJE,2019,12903
130 TREBNJE,2020,13133
130 TREBNJE,2021,13310
130 TREBNJE,2022,13413
130 TREBNJE,2023,13477
130 TREBNJE,2024,13574
130 TREBNJE,2025,13695
131 TRŽIČ,2018,14766
131 TRŽIČ,2019,14880
131 TRŽIČ,2020,14961
131 TRŽIČ,2021,15054
131 TRŽIČ,2022,15011
131 TRŽIČ,2023,15058
131 TRŽIČ,2024,15120
131 TRŽIČ,2025,15110
132 TURNIŠČE,2018,3206
132 TURNIŠČE,2019,3194
132 TURNIŠČE,2020,3145
132 TURNIŠČE,2021,3190
132 TURNIŠČE,2022,3153
132 TURNIŠČE,2023,3163
132 TURNIŠČE,2024,3123
132 TURNIŠČE,2025,3112
133 VELENJE,2018,32802
133 VELENJE,2019,33293
133 VELENJE,2020,33656
133 VELENJE,2021,33715
133 VELENJE,2022,33548
133 VELENJE,2023,33474
133 VELENJE,2024,33775
133 VELENJE,2025,33930
134 VELIKE LAŠČE,2018,4303
134 VELIKE LAŠČE,2019,4351
134 VELIKE LAŠČE,2020,4410
134 VELIKE LAŠČE,2021,4520
134 VELIKE LAŠČE,2022,4584
134 VELIKE LAŠČE,2023,4520
134 VELIKE LAŠČE,2024,4537
134 VELIKE LAŠČE,2025,4564
135 VIDEM,2018,5538
135 VIDEM,2019,5568
135 VIDEM,2020,5625
135 VIDEM,2021,5684
135 VIDEM,2022,5601
135 VIDEM,2023,5614
135 VIDEM,2024,5598
135 VIDEM,2025,5612
136 VIPAVA,2018,5580
136 VIPAVA,2019,5600
136 VIPAVA,2020,5703
136 VIPAVA,2021,5767
136 VIPAVA,2022,5822
136 VIPAVA,2023,5867
136 VIPAVA,2024,5891
136 VIPAVA,2025,5875
137 VITANJE,2018,2251
137 VITANJE,2019,2262
137 VITANJE,2020,2272
137 VITANJE,2021,2267
137 VITANJE,2022,2266
137 VITANJE,2023,2242
137 VITANJE,2024,2238
137 VITANJE,2025,2202
138 VODICE,2018,4861
138 VODICE,2019,4958
138 VODICE,2020,4985
138 VODICE,2021,4983
138 VODICE,2022,4974
138 VODICE,2023,5123
138 VODICE,2024,5201
138 VODICE,2025,5234
139 VOJNIK,2018,8732
139 VOJNIK,2019,8801
139 VOJNIK,2020,8907
139 VOJNIK,2021,9009
139 VOJNIK,2022,9063
139 VOJNIK,2023,9146
139 VOJNIK,2024,9219
139 VOJNIK,2025,9333
140 VRHNIKA,2018,16978
140 VRHNIKA,2019,17272
140 VRHNIKA,2020,17529
140 VRHNIKA,2021,17613
140 VRHNIKA,2022,17684
140 VRHNIKA,2023,17923
140 VRHNIKA,2024,18151
140 VRHNIKA,2025,18206
141 VUZENICA,2018,2685
141 VUZENICA,2019,2658
141 VUZENICA,2020,2649
141 VUZENICA,2021,2649
141 VUZENICA,2022,2652
141 VUZENICA,2023,2667
141 VUZENICA,2024,2641
141 VUZENICA,2025,2621
142 ZAGORJE OB SAVI,2018,16504
142 ZAGORJE OB SAVI,2019,16434
142 ZAGORJE OB SAVI,2020,16439
142 ZAGORJE OB SAVI,2021,16379
142 ZAGORJE OB SAVI,2022,16307
142 ZAGORJE OB SAVI,2023,16413
142 ZAGORJE OB SAVI,2024,16470
142 ZAGORJE OB SAVI,2025,16379
143 ZAVRČ,2018,1768
143 ZAVRČ,2019,1525
143 ZAVRČ,2020,1479
143 ZAVRČ,2021,1527
143 ZAVRČ,2022,1506
143 ZAVRČ,2023,1484
143 ZAVRČ,2024,1478
143 ZAVRČ,2025,1471
144 ZREČE,2018,6402
144 ZREČE,2019,6443
144 ZREČE,2020,6550
144 ZREČE,2021,6600
144 ZREČE,2022,6576
144 ZREČE,2023,6645
144 ZREČE,2024,6653
144 ZREČE,2025,6654
146 ŽELEZNIKI,2018,6709
146 ŽELEZNIKI,2019,6689
146 ŽELEZNIKI,2020,6720
146 ŽELEZNIKI,2021,6699
146 ŽELEZNIKI,2022,6685
146 ŽELEZNIKI,2023,6643
146 ŽELEZNIKI,2024,6672
146 ŽELEZNIKI,2025,6670
147 ŽIRI,2018,4871
147 ŽIRI,2019,4876
147 ŽIRI,2020,4933
147 ŽIRI,2021,4981
147 ŽIRI,2022,4990
147 ŽIRI,2023,5055
147 ŽIRI,2024,5047
147 ŽIRI,2025,5106
148 BENEDIKT,2018,2514
148 BENEDIKT,2019,2577
148 BENEDIKT,2020,2615
148 BENEDIKT,2021,2614
148 BENEDIKT,2022,2684
148 BENEDIKT,2023,2735
148 BENEDIKT,2024,2728
148 BENEDIKT,2025,2738
149 BISTRICA OB SOTLI,2018,1346
149 BISTRICA OB SOTLI,2019,1327
149 BISTRICA OB SOTLI,2020,1336
149 BISTRICA OB SOTLI,2021,1356
149 BISTRICA OB SOTLI,2022,1361
149 BISTRICA OB SOTLI,2023,1354
149 BISTRICA OB SOTLI,2024,1348
149 BISTRICA OB SOTLI,2025,1335
150 BLOKE,2018,1532
150 BLOKE,2019,1555
150 BLOKE,2020,1564
150 BLOKE,2021,1616
150 BLOKE,2022,1610
150 BLOKE,2023,1564
150 BLOKE,2024,1566
150 BLOKE,2025,1554
151 BRASLOVČE,2018,5524
151 BRASLOVČE,2019,5523
151 BRASLOVČE,2020,5639
151 BRASLOVČE,2021,5656
151 BRASLOVČE,2022,5681
151 BRASLOVČE,2023,5723
151 BRASLOVČE,2024,5819
151 BRASLOVČE,2025,5919
152 CANKOVA,2018,1755
152 CANKOVA,2019,1735
152 CANKOVA,2020,1734
152 CANKOVA,2021,1753
152 CANKOVA,2022,1740
152 CANKOVA,2023,1765
152 CANKOVA,2024,1769
152 CANKOVA,2025,1754
153 CERKVENJAK,2018,2037
153 CERKVENJAK,2019,2058
153 CERKVENJAK,2020,2083
153 CERKVENJAK,2021,2171
153 CERKVENJAK,2022,2179
153 CERKVENJAK,2023,2216
153 CERKVENJAK,2024,2247
153 CERKVENJAK,2025,2254
154 DOBJE,2018,965
154 DOBJE,2019,966
154 DOBJE,2020,949
154 DOBJE,2021,934
154 DOBJE,2022,942
154 DOBJE,2023,969
154 DOBJE,2024,970
154 DOBJE,2025,960
155 DOBRNA,2018,2208
155 DOBRNA,2019,2226
155 DOBRNA,2020,2234
155 DOBRNA,2021,2250
155 DOBRNA,2022,2277
155 DOBRNA,2023,2297
155 DOBRNA,2024,2313
155 DOBRNA,2025,2324
156 DOBROVNIK/DOBRONAK,2018,1291
156 DOBROVNIK/DOBRONAK,2019,1284
156 DOBROVNIK/DOBRONAK,2020,1284
156 DOBROVNIK/DOBRONAK,2021,1293
156 DOBROVNIK/DOBRONAK,2022,1263
156 DOBROVNIK/DOBRONAK,2023,1254
156 DOBROVNIK/DOBRONAK,2024,1258
156 DOBROVNIK/DOBRONAK,2025,1238
157 DOLENJSKE TOPLICE,2018,3436
157 DOLENJSKE TOPLICE,2019,3489
157 DOLENJSKE TOPLICE,2020,3553
157 DOLENJSKE TOPLICE,2021,3593
157 DOLENJSKE TOPLICE,2022,3589
157 DOLENJSKE TOPLICE,2023,3611
157 DOLENJSKE TOPLICE,2024,3618
157 DOLENJSKE TOPLICE,2025,3680
158 GRAD,2018,2105
158 GRAD,2019,2076
158 GRAD,2020,2042
158 GRAD,2021,2087
158 GRAD,2022,2063
158 GRAD,2023,2005
158 GRAD,2024,1985
158 GRAD,2025,1969
159 HAJDINA,2018,3745
159 HAJDINA,2019,3797
159 HAJDINA,2020,3879
159 HAJDINA,2021,3938
159 HAJDINA,2022,3873
159 HAJDINA,2023,3897
159 HAJDINA,2024,4001
159 HAJDINA,2025,4059
160 HOČE - SLIVNICA,2018,11415
160 HOČE - SLIVNICA,2019,11768
160 HOČE - SLIVNICA,2020,11753
160 HOČE - SLIVNICA,2021,11720
160 HOČE - SLIVNICA,2022,11723
160 HOČE - SLIVNICA,2023,11885
160 HOČE - SLIVNICA,2024,11981
160 HOČE - SLIVNICA,2025,11913
161 HODOŠ/HODOS,2018,362
161 HODOŠ/HODOS,2019,354
161 HODOŠ/HODOS,2020,353
161 HODOŠ/HODOS,2021,369
161 HODOŠ/HODOS,2022,362
161 HODOŠ/HODOS,2023,357
161 HODOŠ/HODOS,2024,346
161 HODOŠ/HODOS,2025,335
162 HORJUL,2018,3017
162 HORJUL,2019,3016
162 HORJUL,2020,3024
162 HORJUL,2021,2985
162 HORJUL,2022,3006
162 HORJUL,2023,3024
162 HORJUL,2024,3044
162 HORJUL,2025,3051
163 JEZERSKO,2018,629
163 JEZERSKO,2019,634
163 JEZERSKO,2020,625
163 JEZERSKO,2021,666
163 JEZERSKO,2022,667
163 JEZERSKO,2023,671
163 JEZERSKO,2024,662
163 JEZERSKO,2025,681
164 KOMENDA,2018,6192
164 KOMENDA,2019,6268
164 KOMENDA,2020,6387
164 KOMENDA,2021,6444
164 KOMENDA,2022,6482
164 KOMENDA,2023,6643
164 KOMENDA,2024,6739
164 KOMENDA,2025,6761
165 KOSTEL,2018,637
165 KOSTEL,2019,639
165 KOSTEL,2020,635
165 KOSTEL,2021,691
165 KOSTEL,2022,678
165 KOSTEL,2023,621
165 KOSTEL,2024,624
165 KOSTEL,2025,610
166 KRIŽEVCI,2018,3568
166 KRIŽEVCI,2019,3560
166 KRIŽEVCI,2020,3537
166 KRIŽEVCI,2021,3549
166 KRIŽEVCI,2022,3536
166 KRIŽEVCI,2023,3564
166 KRIŽEVCI,2024,3536
166 KRIŽEVCI,2025,3528
167 LOVRENC NA POHORJU,2018,3014
167 LOVRENC NA POHORJU,2019,2979
167 LOVRENC NA POHORJU,2020,2963
167 LOVRENC NA POHORJU,2021,2988
167 LOVRENC NA POHORJU,2022,2958
167 LOVRENC NA POHORJU,2023,2944
167 LOVRENC NA POHORJU,2024,2951
167 LOVRENC NA POHORJU,2025,2944
168 MARKOVCI,2018,3999
168 MARKOVCI,2019,4014
168 MARKOVCI,2020,4039
168 MARKOVCI,2021,4025
168 MARKOVCI,2022,4022
168 MARKOVCI,2023,4102
168 MARKOVCI,2024,4090
168 MARKOVCI,2025,4073
169 MIKLAVŽ NA DRAVSKEM POLJU,2018,6553
169 MIKLAVŽ NA DRAVSKEM POLJU,2019,6744
169 MIKLAVŽ NA DRAVSKEM POLJU,2020,6929
169 MIKLAVŽ NA DRAVSKEM POLJU,2021,6996
169 MIKLAVŽ NA DRAVSKEM POLJU,2022,7045
169 MIKLAVŽ NA DRAVSKEM POLJU,2023,7147
169 MIKLAVŽ NA DRAVSKEM POLJU,2024,7189
169 MIKLAVŽ NA DRAVSKEM POLJU,2025,7261
170 MIRNA PEČ,2018,2962
170 MIRNA PEČ,2019,2974
170 MIRNA PEČ,2020,2988
170 MIRNA PEČ,2021,3034
170 MIRNA PEČ,2022,3077
170 MIRNA PEČ,2023,3130
170 MIRNA PEČ,2024,3192
170 MIRNA PEČ,2025,3203
171 OPLOTNICA,2018,4100
171 OPLOTNICA,2019,4118
171 OPLOTNICA,2020,4137
171 OPLOTNICA,2021,4154
171 OPLOTNICA,2022,4131
171 OPLOTNICA,2023,4146
171 OPLOTNICA,2024,4176
171 OPLOTNICA,2025,4203
172 PODLEHNIK,2018,1865
172 PODLEHNIK,2019,1817
172 PODLEHNIK,2020,1801
172 PODLEHNIK,2021,1853
172 PODLEHNIK,2022,1844
172 PODLEHNIK,2023,1819
172 PODLEHNIK,2024,1831
172 PODLEHNIK,2025,1821
173 POLZELA,2018,6172
173 POLZELA,2019,6191
173 POLZELA,2020,6258
173 POLZELA,2021,6321
173 POLZELA,2022,6386
173 POLZELA,2023,6410
173 POLZELA,2024,6469
173 POLZELA,2025,6629
174 PREBOLD,2018,5068
174 PREBOLD,2019,5084
174 PREBOLD,2020,5103
174 PREBOLD,2021,5210
174 PREBOLD,2022,5302
174 PREBOLD,2023,5343
174 PREBOLD,2024,5329
174 PREBOLD,2025,5317
175 PREVALJE,2018,6797
175 PREVALJE,2019,6794
175 PREVALJE,2020,6799
175 PREVALJE,2021,6800
175 PREVALJE,2022,6732
175 PREVALJE,2023,6798
175 PREVALJE,2024,6737
175 PREVALJE,2025,6701
176 RAZKRIŽJE,2018,1268
176 RAZKRIŽJE,2019,1265
176 RAZKRIŽJE,2020,1277
176 RAZKRIŽJE,2021,1265
176 RAZKRIŽJE,2022,1237
176 RAZKRIŽJE,2023,1233
176 RAZKRIŽJE,2024,1232
176 RAZKRIŽJE,2025,1216
177 RIBNICA NA POHORJU,2018,1148
177 RIBNICA NA POHORJU,2019,1128
177 RIBNICA NA POHORJU,2020,1116
177 RIBNICA NA POHORJU,2021,1142
177 RIBNICA NA POHORJU,2022,1141
177 RIBNICA NA POHORJU,2023,1099
177 RIBNICA NA POHORJU,2024,1085
177 RIBNICA NA POHORJU,2025,1099
178 SELNICA OB DRAVI,2018,4480
178 SELNICA OB DRAVI,2019,4494
178 SELNICA OB DRAVI,2020,4493
178 SELNICA OB DRAVI,2021,4562
178 SELNICA OB DRAVI,2022,4513
178 SELNICA OB DRAVI,2023,4473
178 SELNICA OB DRAVI,2024,4469
178 SELNICA OB DRAVI,2025,4402
179 SODRAŽICA,2018,2171
179 SODRAŽICA,2019,2177
179 SODRAŽICA,2020,2185
179 SODRAŽICA,2021,2249
179 SODRAŽICA,2022,2269
179 SODRAŽICA,2023,2284
179 SODRAŽICA,2024,2308
179 SODRAŽICA,2025,2318
180 SOLČAVA,2018,513
180 SOLČAVA,2019,514
180 SOLČAVA,2020,513
180 SOLČAVA,2021,529
180 SOLČAVA,2022,524
180 SOLČAVA,2023,511
180 SOLČAVA,2024,514
180 SOLČAVA,2025,504
181 SVETA ANA,2018,2286
181 SVETA ANA,2019,2285
181 SVETA ANA,2020,2294
181 SVETA ANA,2021,2323
181 SVETA ANA,2022,2326
181 SVETA ANA,2023,2326
181 SVETA ANA,2024,2360
181 SVETA ANA,2025,2376
182 SVETI ANDRAŽ V SLOV. GORICAH,2018,1157
182 SVETI ANDRAŽ V SLOV. GORICAH,2019,1180
182 SVETI ANDRAŽ V SLOV. GORICAH,2020,1180
182 SVETI ANDRAŽ V SLOV. GORICAH,2021,1203
182 SVETI ANDRAŽ V SLOV. GORICAH,2022,1201
182 SVETI ANDRAŽ V SLOV. GORICAH,2023,1193
182 SVETI ANDRAŽ V SLOV. GORICAH,2024,1196
182 SVETI ANDRAŽ V SLOV. GORICAH,2025,1184
183 ŠEMPETER - VRTOJBA,2018,6168
183 ŠEMPETER - VRTOJBA,2019,6234
183 ŠEMPETER - VRTOJBA,2020,6292
183 ŠEMPETER - VRTOJBA,2021,6292
183 ŠEMPETER - VRTOJBA,2022,6164
183 ŠEMPETER - VRTOJBA,2023,6175
183 ŠEMPETER - VRTOJBA,2024,6267
183 ŠEMPETER - VRTOJBA,2025,6383
184 TABOR,2018,1668
184 TABOR,2019,1645
184 TABOR,2020,1669
184 TABOR,2021,1670
184 TABOR,2022,1693
184 TABOR,2023,1735
184 TABOR,2024,1750
184 TABOR,2025,1789
185 TRNOVSKA VAS,2018,1365
185 TRNOVSKA VAS,2019,1359
185 TRNOVSKA VAS,2020,1366
185 TRNOVSKA VAS,2021,1374
185 TRNOVSKA VAS,2022,1385
185 TRNOVSKA VAS,2023,1404
185 TRNOVSKA VAS,2024,1398
185 TRNOVSKA VAS,2025,1397
186 TRZIN,2018,3869
186 TRZIN,2019,3922
186 TRZIN,2020,3940
186 TRZIN,2021,3925
186 TRZIN,2022,3900
186 TRZIN,2023,3956
186 TRZIN,2024,4073
186 TRZIN,2025,4026
187 VELIKA POLANA,2018,1439
187 VELIKA POLANA,2019,1416
187 VELIKA POLANA,2020,1392
187 VELIKA POLANA,2021,1380
187 VELIKA POLANA,2022,1387
187 VELIKA POLANA,2023,1393
187 VELIKA POLANA,2024,1394
187 VELIKA POLANA,2025,1392
188 VERŽEJ,2018,1291
188 VERŽEJ,2019,1288
188 VERŽEJ,2020,1325
188 VERŽEJ,2021,1344
188 VERŽEJ,2022,1371
188 VERŽEJ,2023,1368
188 VERŽEJ,2024,1358
188 VERŽEJ,2025,1379
189 VRANSKO,2018,2602
189 VRANSKO,2019,2616
189 VRANSKO,2020,2624
189 VRANSKO,2021,2646
189 VRANSKO,2022,2672
189 VRANSKO,2023,2683
189 VRANSKO,2024,2725
189 VRANSKO,2025,2763
190 ŽALEC,2018,21243
190 ŽALEC,2019,21340
190 ŽALEC,2020,21492
190 ŽALEC,2021,21528
190 ŽALEC,2022,21477
190 ŽALEC,2023,21675
190 ŽALEC,2024,21788
190 ŽALEC,2025,21823
191 ŽETALE,2018,1296
191 ŽETALE,2019,1293
191 ŽETALE,2020,1309
191 ŽETALE,2021,1303
191 ŽETALE,2022,1309
191 ŽETALE,2023,1293
191 ŽETALE,2024,1288
191 ŽETALE,2025,1318
192 ŽIROVNICA,2018,4411
192 ŽIROVNICA,2019,4398
192 ŽIROVNICA,2020,4394
192 ŽIROVNICA,2021,4465
192 ŽIROVNICA,2022,4479
192 ŽIROVNICA,2023,4509
192 ŽIROVNICA,2024,4535
192 ŽIROVNICA,2025,4525
193 ŽUŽEMBERK,2018,4621
193 ŽUŽEMBERK,2019,4628
193 ŽUŽEMBERK,2020,4702
193 ŽUŽEMBERK,2021,4741
193 ŽUŽEMBERK,2022,4719
193 ŽUŽEMBERK,2023,4681
193 ŽUŽEMBERK,2024,4663
193 ŽUŽEMBERK,2025,4691
194 ŠMARTNO PRI LITIJI,2018,5565
194 ŠMARTNO PRI LITIJI,2019,5603
194 ŠMARTNO PRI LITIJI,2020,5642
194 ŠMARTNO PRI LITIJI,2021,5661
194 ŠMARTNO PRI LITIJI,2022,5700
194 ŠMARTNO PRI LITIJI,2023,5768
194 ŠMARTNO PRI LITIJI,2024,5756
194 ŠMARTNO PRI LITIJI,2025,5810
195 APAČE,2018,3546
195 APAČE,2019,3516
195 APAČE,2020,3533
195 APAČE,2021,3556
195 APAČE,2022,3556
195 APAČE,2023,3536
195 APAČE,2024,3580
195 APAČE,2025,3563
196 CIRKULANE,2018,2324
196 CIRKULANE,2019,2391
196 CIRKULANE,2020,2345
196 CIRKULANE,2021,2378
196 CIRKULANE,2022,2363
196 CIRKULANE,2023,2366
196 CIRKULANE,2024,2378
196 CIRKULANE,2025,2364
197 KOSTANJEVICA NA KRKI,2018,2437
197 KOSTANJEVICA NA KRKI,2019,2450
197 KOSTANJEVICA NA KRKI,2020,2432
197 KOSTANJEVICA NA KRKI,2021,2446
197 KOSTANJEVICA NA KRKI,2022,2453
197 KOSTANJEVICA NA KRKI,2023,2472
197 KOSTANJEVICA NA KRKI,2024,2464
197 KOSTANJEVICA NA KRKI,2025,2448
198 MAKOLE,2018,2019
198 MAKOLE,2019,2015
198 MAKOLE,2020,2010
198 MAKOLE,2021,2051
198 MAKOLE,2022,2048
198 MAKOLE,2023,2038
198 MAKOLE,2024,2028
198 MAKOLE,2025,2058
199 MOKRONOG - TREBELNO,2018,3033
199 MOKRONOG - TREBELNO,2019,3057
199 MOKRONOG - TREBELNO,2020,3089
199 MOKRONOG - TREBELNO,2021,3164
199 MOKRONOG - TREBELNO,2022,3164
199 MOKRONOG - TREBELNO,2023,3229
199 MOKRONOG - TREBELNO,2024,3223
199 MOKRONOG - TREBELNO,2025,3270
200 POLJČANE,2018,4360
200 POLJČANE,2019,4431
200 POLJČANE,2020,4449
200 POLJČANE,2021,4467
200 POLJČANE,2022,4493
200 POLJČANE,2023,4432
200 POLJČANE,2024,4396
200 POLJČANE,2025,4398
201 RENČE - VOGRSKO,2018,4307
201 RENČE - VOGRSKO,2019,4354
201 RENČE - VOGRSKO,2020,4371
201 RENČE - VOGRSKO,2021,4383
201 RENČE - VOGRSKO,2022,4377
201 RENČE - VOGRSKO,2023,4384
201 RENČE - VOGRSKO,2024,4417
201 RENČE - VOGRSKO,2025,4414
202 SREDIŠČE OB DRAVI,2018,1977
202 SREDIŠČE OB DRAVI,2019,1957
202 SREDIŠČE OB DRAVI,2020,1902
202 SREDIŠČE OB DRAVI,2021,1919
202 SREDIŠČE OB DRAVI,2022,1904
202 SREDIŠČE OB DRAVI,2023,1911
202 SREDIŠČE OB DRAVI,2024,1867
202 SREDIŠČE OB DRAVI,2025,1839
203 STRAŽA,2018,3873
203 STRAŽA,2019,3912
203 STRAŽA,2020,3936
203 STRAŽA,2021,3881
203 STRAŽA,2022,3881
203 STRAŽA,2023,3878
203 STRAŽA,2024,3905
203 STRAŽA,2025,3980
204 SVETA TROJICA V SLOV. GORICAH,2018,2065
204 SVETA TROJICA V SLOV. GORICAH,2019,2078
204 SVETA TROJICA V SLOV. GORICAH,2020,2101
204 SVETA TROJICA V SLOV. GORICAH,2021,2193
204 SVETA TROJICA V SLOV. GORICAH,2022,2194
204 SVETA TROJICA V SLOV. GORICAH,2023,2168
204 SVETA TROJICA V SLOV. GORICAH,2024,2222
204 SVETA TROJICA V SLOV. GORICAH,2025,2270
205 SVETI TOMAŽ,2018,2011
205 SVETI TOMAŽ,2019,2015
205 SVETI TOMAŽ,2020,1988
205 SVETI TOMAŽ,2021,2007
205 SVETI TOMAŽ,2022,2015
205 SVETI TOMAŽ,2023,1979
205 SVETI TOMAŽ,2024,1978
205 SVETI TOMAŽ,2025,1988
206 ŠMARJEŠKE TOPLICE,2018,3310
206 ŠMARJEŠKE TOPLICE,2019,3378
206 ŠMARJEŠKE TOPLICE,2020,3462
206 ŠMARJEŠKE TOPLICE,2021,3521
206 ŠMARJEŠKE TOPLICE,2022,3522
206 ŠMARJEŠKE TOPLICE,2023,3544
206 ŠMARJEŠKE TOPLICE,2024,3583
206 ŠMARJEŠKE TOPLICE,2025,3607
207 GORJE,2018,2792
207 GORJE,2019,2762
207 GORJE,2020,2738
207 GORJE,2021,2769
207 GORJE,2022,2779
207 GORJE,2023,2793
207 GORJE,2024,2744
207 GORJE,2025,2732
208 LOG - DRAGOMER,2018,3631
208 LOG - DRAGOMER,2019,3669
208 LOG - DRAGOMER,2020,3656
208 LOG - DRAGOMER,2021,3620
208 LOG - DRAGOMER,2022,3681
208 LOG - DRAGOMER,2023,3764
208 LOG - DRAGOMER,2024,3812
208 LOG - DRAGOMER,2025,3860
209 REČICA OB SAVINJI,2018,2267
209 REČICA OB SAVINJI,2019,2314
209 REČICA OB SAVINJI,2020,2322
209 REČICA OB SAVINJI,2021,2355
209 REČICA OB SAVINJI,2022,2324
209 REČICA OB SAVINJI,2023,2318
209 REČICA OB SAVINJI,2024,2328
209 REČICA OB SAVINJI,2025,2326
210 SVETI JURIJ V SLOV. GORICAH,2018,2055
210 SVETI JURIJ V SLOV. GORICAH,2019,2075
210 SVETI JURIJ V SLOV. GORICAH,2020,2098
210 SVETI JURIJ V SLOV. GORICAH,2021,2114
210 SVETI JURIJ V SLOV. GORICAH,2022,2118
210 SVETI JURIJ V SLOV. GORICAH,2023,2132
210 SVETI JURIJ V SLOV. GORICAH,2024,2186
210 SVETI JURIJ V SLOV. GORICAH,2025,2180
211 ŠENTRUPERT,2018,2908
211 ŠENTRUPERT,2019,2947
211 ŠENTRUPERT,2020,2969
211 ŠENTRUPERT,2021,2898
211 ŠENTRUPERT,2022,2935
211 ŠENTRUPERT,2023,2939
211 ŠENTRUPERT,2024,2995
211 ŠENTRUPERT,2025,2936
212 MIRNA,2018,2575
212 MIRNA,2019,2616
212 MIRNA,2020,2649
212 MIRNA,2021,2683
212 MIRNA,2022,2694
212 MIRNA,2023,2714
212 MIRNA,2024,2753
212 MIRNA,2025,2822
213 ANKARAN/ANCARANO,2018,3209
213 ANKARAN/ANCARANO,2019,3206
213 ANKARAN/ANCARANO,2020,3224
213 ANKARAN/ANCARANO,2021,3261
213 ANKARAN/ANCARANO,2022,3282
213 ANKARAN/ANCARANO,2023,3388
213 ANKARAN/ANCARANO,2024,3325
213 ANKARAN/ANCARANO,2025,3446
